{"mass":1.6,"centerOfMass":[0.06967,-0.0633,0.1],"transformation":[0.8746197071393957,-0.48480962024633706,0,0,0.48473578139294543,0.8744864983216828,0.01745240643728351,0,-0.008461094537244147,-0.01526421860705461,0.9998476951563913,0,0.1005,-0.0641,0.2512,1],"inertia":[0.001,0,0,0,0.001,0,0,0,0.04]}